{
	"format_version": "1.12.0",
	"minecraft:geometry": [
		{
			"description": {
				"identifier": "geometry.unknown",
				"texture_width": 64,
				"texture_height": 64,
				"visible_bounds_width": 2,
				"visible_bounds_height": 3.5,
				"visible_bounds_offset": [0, 1.25, 0]
			},
			"bones": [
				{
					"name": "head",
					"pivot": [0, 0, 0],
					"cubes": [
						{
							"origin": [-4, 24, -4],
							"size": [8, 8, 8],
							"uv": {
								"north": {"uv": [45.43614, 17.90654], "uv_size": [2.21807, 5.10903]},
								"east": {"uv": [44.51402, 19.1028], "uv_size": [4.61059, 6.40498]},
								"south": {"uv": [47.38006, 14.8162], "uv_size": [0.82243, 8]},
								"west": {"uv": [17.84735, 1.59502], "uv_size": [24.94704, 30.5919]},
								"up": {"uv": [45.33645, 14.49221], "uv_size": [0.52336, 5.10903]},
								"down": {"uv": [33, 52], "uv_size": [8, -8]}
							}
						}
					]
				},
				{
					"name": "body",
					"pivot": [0, 0, 0],
					"cubes": [
						{
							"origin": [-2, 12, -4],
							"size": [4, 12, 8],
							"uv": {
								"north": {"uv": [23, 9], "uv_size": [4, 12]},
								"east": {"uv": [49.02181, 36.01558], "uv_size": [14.97819, 19.87539]},
								"south": {"uv": [35, 9], "uv_size": [4, 12]},
								"west": {"uv": [16.23364, 33.12461], "uv_size": [30.5296, 27.05296]},
								"up": {"uv": [23, 1], "uv_size": [4, 8]},
								"down": {"uv": [27, 9], "uv_size": [4, -8]}
							}
						}
					]
				},
				{
					"name": "right_arm",
					"pivot": [0, 0, 0],
					"cubes": [
						{
							"origin": [-2, 12, 4],
							"size": [4, 12, 4],
							"uv": {
								"north": {"uv": [49.83178, 27.37695], "uv_size": [14.16822, 36.62305]},
								"east": {"uv": [53.919, 29.4704], "uv_size": [10.081, 27.75078]},
								"south": {"uv": [0.29907, 45.22118], "uv_size": [15.00312, 18.77882]},
								"west": {"uv": [0, 33.25857], "uv_size": [15.2648, 30.74143]},
								"up": {"uv": [51.05296, 40.77259], "uv_size": [4, 4]},
								"down": {"uv": [14.38006, 32.8972], "uv_size": [9.58255, -2.99065]}
							}
						}
					]
				},
				{
					"name": "left_arm",
					"pivot": [0, 0, 0],
					"cubes": [
						{
							"origin": [-2, 12, -8],
							"size": [4, 12, 4],
							"uv": {
								"north": {"uv": [11.96262, 34.45483], "uv_size": [-3.16511, 10.40498]},
								"east": {"uv": [11.2648, 36.49844], "uv_size": [4, 12]},
								"south": {"uv": [12, 4], "uv_size": [4, 12]},
								"west": {"uv": [0, 36.94704], "uv_size": [15.38941, 27.05296]},
								"up": {"uv": [9.58255, 39.67601], "uv_size": [-2.97819, 4]},
								"down": {"uv": [16.07477, 24.53583], "uv_size": [4, -4]}
							}
						}
					]
				},
				{
					"name": "right_leg",
					"pivot": [0, 0, 0],
					"cubes": [
						{
							"origin": [-2, 0, 0],
							"size": [4, 12, 4],
							"uv": {
								"north": {"uv": [57.23364, 42.8785], "uv_size": [4, 12]},
								"east": {"uv": [0, 39.78816], "uv_size": [16.56075, 15.88785]},
								"south": {"uv": [60, 43.87539], "uv_size": [4, 12]},
								"west": {"uv": [0, 36.84735], "uv_size": [15.19003, 27.15265]},
								"up": {"uv": [48.16199, 35.88785], "uv_size": [4, 4]},
								"down": {"uv": [50.16822, 46.56698], "uv_size": [4, -4]}
							}
						}
					]
				},
				{
					"name": "left_leg",
					"pivot": [0, 0, 0],
					"cubes": [
						{
							"origin": [-2, 0, -4],
							"size": [4, 12, 4],
							"uv": {
								"north": {"uv": [10.77882, 41.58255], "uv_size": [4, 12]},
								"east": {"uv": [0, 33.70717], "uv_size": [15.06542, 30.29283]},
								"south": {"uv": [58.85358, 38.49221], "uv_size": [4, 12]},
								"west": {"uv": [0, 32.85981], "uv_size": [12.69782, 31.14019]},
								"up": {"uv": [51.05296, 35.38941], "uv_size": [4, 4]},
								"down": {"uv": [53.95639, 34.90343], "uv_size": [4, -4]}
							}
						}
					]
				}
			]
		}
	]
}