{
	"format_version": "1.12.0",
	"minecraft:geometry": [
		{
			"description": {
				"identifier": "geometry.unknown",
				"texture_width": 64,
				"texture_height": 64,
				"visible_bounds_width": 2,
				"visible_bounds_height": 3.5,
				"visible_bounds_offset": [0, 1.25, 0]
			},
			"bones": [
				{
					"name": "head",
					"pivot": [0, 0, 0],
					"cubes": [
						{
							"origin": [-4, 24, -4],
							"size": [8, 8, 8],
							"uv": {
								"north": {"uv": [45.43614, 17.90654], "uv_size": [2.21807, 5.10903]},
								"east": {"uv": [44.51402, 19.1028], "uv_size": [4.61059, 6.40498]},
								"south": {"uv": [47.38006, 14.8162], "uv_size": [0.82243, 8]},
								"west": {"uv": [17.94704, 1.49533], "uv_size": [25.94392, 23.21495]},
								"up": {"uv": [45.33645, 14.49221], "uv_size": [0.52336, 5.10903]},
								"down": {"uv": [33, 52], "uv_size": [8, -8]}
							}
						}
					]
				},
				{
					"name": "body",
					"pivot": [0, 0, 0],
					"cubes": [
						{
							"origin": [-2, 12, -4],
							"size": [4, 12, 8],
							"uv": {
								"north": {"uv": [23, 9], "uv_size": [4, 12]},
								"east": {"uv": [49.02181, 36.01558], "uv_size": [14.97819, 19.87539]},
								"south": {"uv": [35, 9], "uv_size": [4, 12]},
								"west": {"uv": [16.23364, 33.12461], "uv_size": [30.5296, 27.05296]},
								"up": {"uv": [23, 1], "uv_size": [4, 8]},
								"down": {"uv": [27, 9], "uv_size": [4, -8]}
							}
						}
					]
				},
				{
					"name": "right_arm",
					"pivot": [0, 0, 0],
					"cubes": [
						{
							"origin": [-2, 12, 4],
							"size": [4, 12, 4],
							"uv": {
								"north": {"uv": [49.83178, 27.37695], "uv_size": [14.16822, 36.62305]},
								"east": {"uv": [48.33645, 26.38006], "uv_size": [15.66355, 37.61994]},
								"south": {"uv": [48.69781, 26.97819], "uv_size": [15.30219, 37.02181]},
								"west": {"uv": [49.23364, 27.17757], "uv_size": [14.76636, 36.82243]},
								"up": {"uv": [60, 40.07477], "uv_size": [4, 4]},
								"down": {"uv": [33.0218, 22.33022], "uv_size": [6.19314, -2.5919]}
							}
						}
					]
				},
				{
					"name": "left_arm",
					"pivot": [0, 0, 0],
					"cubes": [
						{
							"origin": [-2, 12, -8],
							"size": [4, 12, 4],
							"uv": {
								"north": {"uv": [15.15265, 25.88162], "uv_size": [-15.15265, 38.11838]},
								"east": {"uv": [0, 26.13084], "uv_size": [15.46418, 37.86916]},
								"south": {"uv": [0, 26.081], "uv_size": [15.30218, 37.919]},
								"west": {"uv": [0, 26.18068], "uv_size": [15.38941, 37.81932]},
								"up": {"uv": [9.58255, 39.67601], "uv_size": [-2.97819, 4]},
								"down": {"uv": [16.07477, 24.53583], "uv_size": [4, -4]}
							}
						}
					]
				},
				{
					"name": "right_leg",
					"pivot": [0, 0, 0],
					"cubes": [
						{
							"origin": [-2, 0, 0],
							"size": [4, 12, 4],
							"uv": {
								"north": {"uv": [57.23364, 42.8785], "uv_size": [4, 12]},
								"east": {"uv": [0, 36.19937], "uv_size": [16.56075, 15.88785]},
								"south": {"uv": [0, 28.2243], "uv_size": [15.15265, 25.35826]},
								"west": {"uv": [0, 26.97819], "uv_size": [15.19003, 27.15265]},
								"up": {"uv": [48.16199, 35.88785], "uv_size": [4, 4]},
								"down": {"uv": [50.16822, 46.56698], "uv_size": [4, -4]}
							}
						}
					]
				},
				{
					"name": "left_leg",
					"pivot": [0, 0, 0],
					"cubes": [
						{
							"origin": [-2, 0, -4],
							"size": [4, 12, 4],
							"uv": {
								"north": {"uv": [10.77882, 41.58255], "uv_size": [4, 12]},
								"east": {"uv": [0, 29.81932], "uv_size": [15.06542, 23.11526]},
								"south": {"uv": [58.85358, 38.49221], "uv_size": [4, 12]},
								"west": {"uv": [0, 29.86916], "uv_size": [13.19626, 23.76324]},
								"up": {"uv": [51.05296, 35.38941], "uv_size": [4, 4]},
								"down": {"uv": [53.95639, 34.90343], "uv_size": [4, -4]}
							}
						}
					]
				}
			]
		}
	]
}